id,username,email,is_creator,followers_count,created_at
user_1,user1,user1@vyrlex.com,True,3,2026-01-09
user_2,user2,user2@vyrlex.com,True,6,2026-01-09
user_3,user3,user3@vyrlex.com,True,9,2026-01-09
user_4,user4,user4@vyrlex.com,True,12,2026-01-09
user_5,user5,user5@vyrlex.com,True,15,2026-01-09
user_6,user6,user6@vyrlex.com,True,18,2026-01-09
user_7,user7,user7@vyrlex.com,True,21,2026-01-09
user_8,user8,user8@vyrlex.com,True,24,2026-01-09
user_9,user9,user9@vyrlex.com,True,27,2026-01-09
user_10,user10,user10@vyrlex.com,True,30,2026-01-09
user_11,user11,user11@vyrlex.com,True,33,2026-01-09
user_12,user12,user12@vyrlex.com,True,36,2026-01-09
user_13,user13,user13@vyrlex.com,True,39,2026-01-09
user_14,user14,user14@vyrlex.com,True,42,2026-01-09
user_15,user15,user15@vyrlex.com,True,45,2026-01-09
user_16,user16,user16@vyrlex.com,True,48,2026-01-09
user_17,user17,user17@vyrlex.com,True,51,2026-01-09
user_18,user18,user18@vyrlex.com,True,54,2026-01-09
user_19,user19,user19@vyrlex.com,True,57,2026-01-09
user_20,user20,user20@vyrlex.com,True,60,2026-01-09
user_21,user21,user21@vyrlex.com,False,63,2026-01-09
user_22,user22,user22@vyrlex.com,False,66,2026-01-09
user_23,user23,user23@vyrlex.com,False,69,2026-01-09
user_24,user24,user24@vyrlex.com,False,72,2026-01-09
user_25,user25,user25@vyrlex.com,False,75,2026-01-09
user_26,user26,user26@vyrlex.com,False,78,2026-01-09
user_27,user27,user27@vyrlex.com,False,81,2026-01-09
user_28,user28,user28@vyrlex.com,False,84,2026-01-09
user_29,user29,user29@vyrlex.com,False,87,2026-01-09
user_30,user30,user30@vyrlex.com,False,90,2026-01-09
user_31,user31,user31@vyrlex.com,False,93,2026-01-09
user_32,user32,user32@vyrlex.com,False,96,2026-01-09
user_33,user33,user33@vyrlex.com,False,99,2026-01-09
user_34,user34,user34@vyrlex.com,False,102,2026-01-09
user_35,user35,user35@vyrlex.com,False,105,2026-01-09
user_36,user36,user36@vyrlex.com,False,108,2026-01-09
user_37,user37,user37@vyrlex.com,False,111,2026-01-09
user_38,user38,user38@vyrlex.com,False,114,2026-01-09
user_39,user39,user39@vyrlex.com,False,117,2026-01-09
user_40,user40,user40@vyrlex.com,False,120,2026-01-09
user_41,user41,user41@vyrlex.com,False,123,2026-01-09
user_42,user42,user42@vyrlex.com,False,126,2026-01-09
user_43,user43,user43@vyrlex.com,False,129,2026-01-09
user_44,user44,user44@vyrlex.com,False,132,2026-01-09
user_45,user45,user45@vyrlex.com,False,135,2026-01-09
user_46,user46,user46@vyrlex.com,False,138,2026-01-09
user_47,user47,user47@vyrlex.com,False,141,2026-01-09
user_48,user48,user48@vyrlex.com,False,144,2026-01-09
user_49,user49,user49@vyrlex.com,False,147,2026-01-09
user_50,user50,user50@vyrlex.com,False,150,2026-01-09
