id,creator_id,title,duration_seconds,views,likes,status
video_1,user_2,Seed Video 1,11,50,5,Live
video_2,user_3,Seed Video 2,12,100,10,Live
video_3,user_4,Seed Video 3,13,150,15,Live
video_4,user_5,Seed Video 4,14,200,20,Live
video_5,user_6,Seed Video 5,15,250,25,Live
video_6,user_7,Seed Video 6,16,300,30,Live
video_7,user_8,Seed Video 7,17,350,35,Live
video_8,user_9,Seed Video 8,18,400,40,Live
video_9,user_10,Seed Video 9,19,450,45,Live
video_10,user_11,Seed Video 10,20,500,50,Live
video_11,user_12,Seed Video 11,21,550,55,Live
video_12,user_13,Seed Video 12,22,600,60,Live
video_13,user_14,Seed Video 13,23,650,65,Live
video_14,user_15,Seed Video 14,24,700,70,Live
video_15,user_16,Seed Video 15,25,750,75,Live
video_16,user_17,Seed Video 16,26,800,80,Live
video_17,user_18,Seed Video 17,27,850,85,Live
video_18,user_19,Seed Video 18,28,900,90,Live
video_19,user_20,Seed Video 19,29,950,95,Live
video_20,user_1,Seed Video 20,30,1000,100,Live
video_21,user_2,Seed Video 21,31,1050,105,Live
video_22,user_3,Seed Video 22,32,1100,110,Live
video_23,user_4,Seed Video 23,33,1150,115,Live
video_24,user_5,Seed Video 24,34,1200,120,Live
video_25,user_6,Seed Video 25,35,1250,125,Live
video_26,user_7,Seed Video 26,36,1300,130,Live
video_27,user_8,Seed Video 27,37,1350,135,Live
video_28,user_9,Seed Video 28,38,1400,140,Live
video_29,user_10,Seed Video 29,39,1450,145,Live
video_30,user_11,Seed Video 30,10,1500,150,Live
video_31,user_12,Seed Video 31,11,1550,155,Live
video_32,user_13,Seed Video 32,12,1600,160,Live
video_33,user_14,Seed Video 33,13,1650,165,Live
video_34,user_15,Seed Video 34,14,1700,170,Live
video_35,user_16,Seed Video 35,15,1750,175,Live
video_36,user_17,Seed Video 36,16,1800,180,Live
video_37,user_18,Seed Video 37,17,1850,185,Live
video_38,user_19,Seed Video 38,18,1900,190,Live
video_39,user_20,Seed Video 39,19,1950,195,Live
video_40,user_1,Seed Video 40,20,2000,200,Live
video_41,user_2,Seed Video 41,21,2050,205,Live
video_42,user_3,Seed Video 42,22,2100,210,Live
video_43,user_4,Seed Video 43,23,2150,215,Live
video_44,user_5,Seed Video 44,24,2200,220,Live
video_45,user_6,Seed Video 45,25,2250,225,Live
video_46,user_7,Seed Video 46,26,2300,230,Live
video_47,user_8,Seed Video 47,27,2350,235,Live
video_48,user_9,Seed Video 48,28,2400,240,Live
video_49,user_10,Seed Video 49,29,2450,245,Live
video_50,user_11,Seed Video 50,30,2500,250,Live
